Traction,Roughness,Fineness,MatName
1.2780512521739131,7.804520519172882,2.1379988429876073,0
1.2664799438202248,7.67341012087062,2.228103037067426,0
1.2707817622282611,7.88047967431351,2.2355786927016186,0
1.2693351371742112,7.684358834627042,2.3329155975394977,0
1.280907305832148,7.580741596026591,2.3306396240298315,0
1.262741012784091,8.08607912213343,2.0024622125851823,0
1.2659359461325965,7.759736746470575,2.2752377378798387,0
1.2659211221264368,7.879242022817494,2.2707846276989554,0
1.271498944281525,8.11895019161458,1.985929454155462,0
1.265356471780029,7.879490182134675,2.250782673737158,0
1.2534347034383955,8.210997145255636,2.0111128270935685,0
1.2550713857350801,8.141877660933021,2.0090429929778946,0
1.2624478741058656,8.083477976581538,2.026736799956871,0
1.2668588589385477,7.777228083652308,2.188710430014789,0
1.2671103833097594,7.797767728629129,2.3529378382184354,0
1.2996499574468086,7.290774422644275,2.4115916255757996,0
1.29886214676259,6.7734666025160974,2.927566091546441,0
1.2888800914205345,7.284489747426084,2.6318575682117165,0
1.2916291618911175,7.7857050553211025,2.1873658836510717,0
1.2981473475177305,7.673477995936173,2.206369170576738,0
1.279248113018598,7.855372054508123,2.195656928540631,0
1.2958947979351032,7.696152219013816,2.186055455419465,0
1.281353634670487,7.934204195429653,2.082919961518287,0
1.2898650902679831,7.250835215352322,2.4685224979787566,0
1.2729573347889374,7.766213328611596,2.389305552253677,0
1.2764861303744799,7.734801964962108,2.4033265649043116,0
1.2799126955266955,7.977002981608452,2.2301671850507945,0
1.2791554569816643,7.834536002901321,2.3499206095918335,0
1.2775274275668074,7.931224251595667,2.294452769566989,0
1.2843742773109244,7.91966657616421,2.1322243886543895,0
1.265693304895105,8.2027925573261,2.044845228188792,0
1.2765300809248556,7.693026119204241,2.4697664612012455,0
1.2657321358381501,8.323990122438293,1.9887636344175001,0
1.2695373058659218,8.163627563567367,2.033088422682139,0
1.2740192684365783,7.795032104265327,2.4080302092212365,0
1.2727703291139243,7.9985287832559475,2.1599798526459058,0
1.2696725835694052,8.297695294465125,1.988523550400036,0
1.2610991225352113,8.196874883809793,2.1028861083313215,0
1.269929116448326,7.629019029341629,2.47514990605183,0
1.273085909847434,8.02595264158857,2.1051161748676686,0
1.2725745850144092,7.989377938850377,2.2473279739961383,0
1.272567864022663,7.715736251367528,2.408641363602062,0
1.2799349752066116,7.5586394016535206,2.4778753908647233,0
1.2629450476190476,8.29057235978781,2.0060616764187205,0
1.2616350181564244,8.109217973288096,2.044311270190614,0
1.2483250043041605,8.436730124011886,1.9478282470367723,0
1.2629895322812053,7.830832417668705,2.3885544631787328,0
1.2534841095505618,8.20933209108556,2.051965453770658,0
1.2695259044321328,7.888867040566805,2.357368644286069,0
1.2706780393811532,7.796088673733877,2.408919677515889,0
1.3104250792227203,8.30362215375399,2.5334955558647003,1
1.2952063125,8.248810016289655,2.572744617661483,1
1.2786601499272199,8.765107776662079,2.11319981454948,1
1.2799193888111886,8.792845281878257,2.1482757186529327,1
1.3007720787518575,8.247116890315422,2.450873858815647,1
1.2882475320056899,8.73596570741543,2.1498758138869025,1
1.2937857067988667,8.43712670433903,2.3285943572290173,1
1.3065518585572844,8.446447174603598,2.286926188995117,1
1.2752603216885008,8.57007217201295,2.3261045468552073,1
1.280915494934877,8.765128285469272,2.1721911170639387,1
1.329490709724238,8.479336539238853,2.2430876131162587,1
1.3066017846607672,8.370785500602501,2.494142235167069,1
1.2929802306547618,8.807134852752345,2.1160380337503137,1
1.290429582132565,8.803221378801892,2.1280022772055047,1
1.2890962390670553,8.690182039617383,2.213898176882888,1
1.2938156045845273,8.719909223255632,2.133212477796137,1
1.2671785,8.866712535437019,2.0757568960492496,1
1.2896130128939827,8.45416931763421,2.4796807572501702,1
1.299329520527859,8.700211975127381,2.135043813083913,1
1.2762146762589928,8.827234861907073,2.1024387102790527,1
1.278736176119403,8.84432525942294,2.058494856055201,1
1.266573998535871,8.422212557542755,2.5178676382059377,1
1.2749074,8.370610496119088,2.4664841905266823,1
1.290171986526946,8.636603207160174,2.125021368045099,1
1.2964229358059913,8.409145831610044,2.4107627588641534,1
1.281883828034682,8.481283379738132,2.457190651619862,1
1.284047082717873,8.350222831798582,2.411826845381714,1
1.2974165138686131,8.574047203592317,2.232196067074396,1
1.2785383842794762,8.4919876605731,2.4098346894887497,1
1.2768400206185568,8.754831375188465,2.0576657149234077,1
1.2641244455732947,8.500294795119268,2.439955079470256,1
1.2573790823529412,8.724880978592228,2.1530699342445208,1
1.2664740291120815,8.536468288235453,2.3960530694760576,1
1.2792122966867467,8.30025310056378,2.4205064385934505,1
1.267527954478708,8.706537420164723,2.1347571733407618,1
1.2690581494920175,8.815909199501853,2.0800159905052156,1
1.273562116975749,8.787923285732818,2.085290675451352,1
1.2780628125,8.58073541469993,2.1548051771497327,1
1.276691895415473,8.704112289959175,2.085315788229122,1
1.2901381046337819,8.191060618544245,2.5038910440031015,1
1.27581411849711,8.484193084169123,2.3358975438279215,1
1.2723976617862371,8.387657946338726,2.336700047950399,1
1.2699470998531572,8.538238867371355,2.3724659654085363,1
1.260146877318117,8.686878618158127,2.184942633919987,1
1.2488815894428151,8.88706844750222,2.0209307567543675,1
1.2765631681159422,8.601852467420317,2.1703416374110773,1
1.2701713855243721,8.53748650922164,2.2151101533361084,1
1.2920000510204082,8.438492397512631,2.3937134515732525,1
1.259808985632184,8.501343497790682,2.2763950064029563,1
1.2741913035971222,8.550162990068968,2.3565818561037446,1
1.2328403935860057,7.910839620065071,2.1346386876025383,2
1.2393183429394812,7.662539255317626,2.2677247831812615,2
1.2179502455882354,7.9286867183984935,2.153614174065201,2
1.2132899534206696,7.9496325060814765,2.196647039375346,2
1.2182550724637682,7.823572025526135,2.2431708036394276,2
1.1920312903225807,8.037571602902462,2.1334351976537773,2
1.209047669117647,7.804939563782045,2.2228264850647887,2
1.2188105716312059,7.823504900740694,2.2663416118566126,2
1.2101369844192635,8.049829506872378,2.082838408796677,2
1.2136171380323055,8.00545814381922,2.0724052368486903,2
1.1948555706051873,8.252979497186896,2.0095640331991103,2
1.2176128217391304,7.993994273869784,2.0986292635181414,2
1.2177955454545455,7.888224689021004,2.1105478397677726,2
1.2046952152466368,7.881138616389007,2.1701018342490173,2
1.210380007122507,7.97221556726593,2.113379674194749,2
1.2060756248196247,7.830355832580748,2.183597355553329,2
1.2081174814814815,7.943674842427057,2.129806935175564,2
1.205311809037901,7.911391523510965,2.1200794610257643,2
1.186218679218968,7.952016392279541,2.1138879198729805,2
1.2096201271929825,7.788128410946866,2.2018662299649803,2
1.1880970492753622,8.102205299755015,2.082541231221664,2
1.2083476739766081,7.969937711119365,2.0809853309726583,2
1.2075103555878084,7.868494583463285,2.181650816272564,2
1.1937948364688855,8.13536455048535,2.0626307189441393,2
1.2069967363112393,7.6961170414508855,2.244529831076065,2
1.2031908988269795,7.965774301335124,2.106232601243873,2
1.200226355907781,7.974150489916598,2.094523745083498,2
1.211244569037657,7.846399974376222,2.139527621551637,2
1.204868755162242,7.8681015444119335,2.1599188111780463,2
1.1868291804949054,7.982590821229993,2.137546995803446,2
1.1894607232796486,8.031388118251765,2.0520248517690254,2
1.1856310225563909,8.115586180889341,2.044471539347586,2
1.184549517037037,7.862151335241815,2.1741957982745985,2
1.1767432757142857,8.078991449474328,2.0813390894519874,2
1.1778253173652693,8.13183803326642,2.054030680814463,2
1.1775239839181286,7.954919792858594,2.1358081370980306,2
1.195828915080527,7.971970804532962,2.0779555029464114,2
1.1885024308588064,8.090371210537306,2.03721572462085,2
1.177644168621701,8.251422752321595,2.0056598520946562,2
1.20946602170767,7.7799248011320525,2.189622040812663,2
1.1835874771048744,8.166511541754453,2.0100603886447206,2
1.1881168089725036,8.205652983723704,1.9878709712774802,2
1.1823003129770995,8.143809668777905,2.009622191505576,2
1.1926277109266943,7.991358689628876,2.0720302918143023,2
1.190017943620178,7.919272149068569,2.1703522683344367,2
1.1930558912071536,7.92066024182711,2.0702855186164983,2
1.1898795289855073,8.051485384229156,2.0647769931307263,2
1.1684577386196768,8.426743722143211,1.9175035181025903,2
1.1764270324483777,8.013522564629136,2.1924322772608904,2
1.1898886056129985,8.127334211286767,2.040733419622724,2
1.1954901875,8.55593358929429,1.7983012459138972,3
1.191593732962448,8.541099309750676,1.822760564900339,3
1.215772343884892,8.18262851356139,1.9862412636562057,3
1.1607154663865544,8.322881860931298,2.028491114141363,3
1.2040354316860467,8.23879121000005,1.998014275242975,3
1.2105547737226277,8.139671172752129,2.1539464604888625,3
1.2041273632538567,8.12556036796999,2.2221735874682724,3
1.216442868228404,8.148077605818077,1.966173502932234,3
1.21123385341074,8.394492271415242,1.9256203188540857,3
1.1962947532467532,8.471232245271082,1.832722307386106,3
1.1871804248554914,8.320603309147725,2.0799582286410225,3
1.2176889278350516,8.118277555629252,2.027290959337607,3
1.190241883116883,8.471831010354823,1.839769686413359,3
1.216646660968661,8.06932848694076,2.1637376563327306,3
1.1876145021961932,8.39145949539687,2.015555152575956,3
1.2017790103703703,8.48932909387507,1.8087151005540654,3
1.225606150442478,8.126353657608641,2.131954130821992,3
1.2053664774381367,8.397198833411725,1.8512996669645039,3
1.180419068914956,8.38249944721342,2.0896029526547384,3
1.1707492391304348,8.396830408433578,2.082930893626976,3
1.1723504389880952,8.535886446818694,1.854378164577255,3
1.1922161307578008,8.408778285811792,1.8694195657105872,3
1.1845274397677794,8.34849603021136,1.9193075223650282,3
1.1880451824712643,8.506284641961656,1.8148134784960412,3
1.1585271729106628,8.660617433456991,1.7802450886431838,3
1.1900205307017544,8.516038871928,1.8186974759435242,3
1.2114873106796116,8.078526717998662,2.1168833971019407,3
1.1757882953523238,8.562850261044296,1.8011941552106603,3
1.1898944705882353,8.23340142121868,2.033940192900507,3
1.1733189360795455,8.64590389306929,1.7973898735018896,3
1.2233560875179341,8.123895264670912,1.9685774590676772,3
1.181191031296572,8.612436477374239,1.7991463851273075,3
1.198354817002882,8.44131804629873,1.8961927177423195,3
1.2257863106936415,8.206959251688376,2.0496755621927414,3
1.1710805420168067,8.60492325572033,1.8089352494521083,3
1.202571847161572,8.324228555837617,1.9770582530810021,3
1.2096968331273177,8.377952235273787,1.851836866090707,3
1.2106507445721584,8.179796334885777,2.165418668770656,3
1.1857814020618556,8.641248197110745,1.7654457870689648,3
1.2009967969735182,8.046313405060731,2.1690147370323376,3
1.1884920289672545,8.518215664953038,1.8305307899866214,3
1.2095948839634942,8.07090560971129,2.227395570778076,3
1.180937709838107,8.483400538168324,1.8348557236501104,3
1.1983425925465838,8.152902952951315,2.168969993322362,3
1.1859373561470214,8.401111067309042,1.913753718115892,3
1.1484972522522523,8.729415376696751,1.7911349504319318,3
1.1900814503144654,8.1645372602322,1.9300049756341506,3
1.166644106918239,8.626647327716949,1.7945318937340953,3
1.1823195220207254,8.424316246088006,1.8667457130498324,3
1.1405232133757963,8.481871351615576,1.8706549168397995,3
1.1868454285714287,8.953288200026513,1.764136304619109,4
1.1353052963414634,9.176963703201483,1.681123722435682,4
1.1422101218026797,8.930766894585657,2.3282495096503375,4
1.1665036658446362,9.039044090880678,2.0059380515489873,4
1.1517336334563346,8.969088619201013,2.1969418706799835,4
1.1517816433041301,9.120443679064126,2.096992407689457,4
1.1404958760529482,9.262258281889006,1.7865262915162416,4
1.1670865829268293,8.95053210213426,1.8619690968932041,4
1.1751965175,8.87608312155428,2.0899633365189825,4
1.1308333026634383,9.209045707375642,1.7914815294096953,4
1.1705299598997494,8.96740579192882,2.342830402062034,4
1.1870449632802937,8.86229452714832,1.9244352023871738,4
1.1628604675810474,9.028165823843388,1.8694617482504015,4
1.1567089103942652,8.936969284694296,1.766682786120847,4
1.122603644278607,9.088219496893954,1.8722608292675325,4
1.1671647418576598,8.930913141372645,1.7337665678515481,4
1.13698999252802,9.186685644743823,1.7398186703466094,4
1.1768347676767676,8.872695615316148,1.9914622561322706,4
1.183317838002436,8.850563500337875,2.135123439283746,4
1.1609554482758622,8.938280735612599,1.9609111163124946,4
1.1502777561576354,9.026499151875303,1.7452111385802853,4
1.1793574839506171,8.826317946846078,2.008682282029483,4
1.146337977750309,9.158676423752059,1.7626801676346155,4
1.1867487233250622,8.696468150070354,1.8991744980394487,4
1.1571550937880635,8.962198650940415,1.8275858412280024,4
1.18282596,8.845777341852889,1.9388684809141017,4
1.1889073139120094,8.784190416596578,1.8182792021174616,4
1.1762093582822086,8.846480346254355,1.925894757120885,4
1.151140584158416,9.098557583163597,1.8074511816403795,4
1.2038875287637698,8.689883925562036,2.0098594775983587,4
1.1580355378881986,8.972119534944305,1.9271463792284842,4
1.1755708219178083,8.798719303437817,2.0195786241863924,4
1.1201540238095238,9.164405619218071,1.7200540393642447,4
1.1506375967940814,9.074608163056707,1.7407639684660159,4
1.1865698398058253,8.748437376225898,1.8108521780239968,4
1.1377225933660935,9.167876802406779,1.7767694778359446,4
1.161795128911139,8.884763507597562,1.925698248213735,4
1.1671628394160585,8.820430690675543,1.8511441528938326,4
1.1910911200980392,8.7102923625266,2.0027792217748233,4
1.1736484650306749,8.879949227690167,1.7964789991144159,4
1.1977875537294564,8.633182118760642,2.2693383737781083,4
1.1627868722627739,8.961486413189496,1.744154384181589,4
1.1452769551122195,9.186290065724204,1.7530893260942169,4
1.1494554022698613,9.051182470914494,1.7665740421017149,4
1.166780435582822,8.876100799127514,1.8306436039979692,4
1.1877762496998798,8.63223019494277,2.0230177387329094,4
1.1841747964285716,8.728055473366606,1.8570776849380477,4
1.1680903295597485,8.746022440471966,1.7925137899900423,4
1.2172521438848922,8.543988925438095,2.2869958413056626,4
1.1533977049180328,8.768146901063483,1.856803616835573,4
1.150362870036101,8.345516999924808,2.305823201304753,5
1.158491184673367,7.956414931220848,2.4143882306218556,5
1.1512405714285714,8.023691669627828,2.206747513308514,5
1.1341307411616162,8.285265163044436,2.0788599600522035,5
1.1406458186335404,8.213355125717847,2.0793574970932998,5
1.1532705788819877,8.23208257533264,2.11563613922532,5
1.1473799318463445,8.26826865762637,2.0442313192793007,5
1.177117797780518,7.992401826192241,2.1302371020269546,5
1.1372009211165048,8.338479751167771,2.002249758304229,5
1.169141957972806,8.05227048618984,2.140024599825157,5
1.1473684046454766,8.217918566503606,2.068663768609846,5
1.1526057587878786,8.078721479488976,2.0920930218882408,5
1.1525034296388543,8.015426354750604,2.1582574060593283,5
1.1346652719406676,8.358401962587585,1.947478315358314,5
1.1634502786683107,8.002403397828404,2.145920259067846,5
1.156867889298893,8.217596493356467,2.0304907523064903,5
1.15536874153074,8.072479653793826,2.1364205421876696,5
1.1465451201923076,8.329531887790287,1.9806063148916204,5
1.1704322206809585,8.090441554585766,2.0635140596520207,5
1.1541855967940815,8.067321561611198,2.162166902095015,5
1.1636040749697703,8.069587965431491,2.069069678984024,5
1.1660404675642595,8.206469620191687,1.9957968622869222,5
1.14438021001221,8.39420235538805,1.9679506279033936,5
1.1537537210718638,8.325603739244936,1.9785405865492343,5
1.1400737478474785,8.322300669465935,1.9755354288602378,5
1.1572776873479318,8.230101921493212,1.9919718610484265,5
1.1624675280487806,8.254228240264439,1.9962480805134792,5
1.1411064139194138,8.452102109325702,1.9055044508654726,5
1.1736323329253366,8.134376860816348,2.0419420364956404,5
1.1569051775585695,8.285579172503295,1.9730967892892803,5
1.1759354627791563,8.128437802758125,2.019110882944482,5
1.1848980136476426,7.942420797587343,2.1771181416157157,5
1.147743317401961,8.348743451117384,1.9560107039883365,5
1.1686388811881188,8.297904432312677,1.9535829691917042,5
1.169721313580247,8.199347970296456,1.9847751483443743,5
1.1720071687344913,8.017648460359744,2.1648603284037162,5
1.1877813407407407,7.886899680743263,2.098066506633101,5
1.1711424424999999,8.033685642421945,2.1193294815278296,5
1.1822052326431183,7.920021646892393,2.116897292601103,5
1.1566663864491844,8.260581802746339,1.9441289211153139,5
1.1751523870967742,8.059835520064357,2.056725334126494,5
1.1579894195888754,8.020259815884064,2.1069622774990693,5
1.1710653325183373,8.130715762040719,2.0005023328793725,5
1.1618068771712158,8.308868779571045,1.963391294415643,5
1.1671197791411043,8.084474217738704,2.0317586207724507,5
1.1665020563204005,8.031761848985765,2.039214965663113,5
1.1808868031400965,8.115714418629182,2.0117598986700744,5
1.1738641003717472,8.020781004712621,2.049847720362797,5
1.1517717181705809,8.300742539403656,1.954791688484415,5
1.1474913045622688,8.194577565237923,2.022751793209587,5
1.060500402676399,10.58224548346644,0.964858855940944,6
1.1022255257352942,10.293608480996415,1.0719515451953239,6
1.0894520162703378,10.289612260370761,1.0604316717071285,6
1.0834417737665463,10.387926146441352,0.9650732869998717,6
1.0753359025,10.400386624736578,0.8967043844696805,6
1.0700987036144578,10.450370303458111,0.8984630749337095,6
1.0609734901234569,10.45144157288061,0.8996174142668227,6
1.088889296836983,10.324897008077501,0.9454892348489212,6
1.0795736574307304,10.36788464306673,0.9597907794263093,6
1.084875648192771,10.332039587818395,0.8920042299383809,6
1.088254277363184,10.367367166664872,0.9133537748540358,6
1.0583185536585367,10.488734658154977,0.8727638796716692,6
1.07342209125,10.320491280742772,0.9485443628172637,6
1.0861572168087696,10.227852176332988,1.0491119022446174,6
1.0737992263222633,10.407204475096016,0.9190986915676063,6
1.0583851375921376,10.46648298907421,0.933849527019416,6
1.0764262795180723,10.372798936258905,0.9419703359004267,6
1.0753295413070283,10.299979436556937,1.0674291553773607,6
1.0656440406905054,10.498837353186719,0.8516273840208473,6
1.0473549843561973,10.503809130116835,0.8970774545468686,6
1.0871783523573202,10.358409294774944,0.9530820804408565,6
1.0781568670807453,10.3596896826278,0.9370499249662558,6
1.0781191516034985,10.258920029795375,0.9437945300340893,6
1.0834076330409357,10.192349367885322,0.9212296741883139,6
1.0777991616438356,10.338054939210595,0.9051692041842127,6
1.0760051702741704,10.357125512381254,0.8814554225007032,6
1.0825478748241912,10.242529246544752,0.9286882740591053,6
1.07185573541963,10.32916758630456,0.899826208419236,6
1.065494819858156,10.360939824133471,0.9096085296419784,6
1.0512462944606413,10.476206488355047,0.8306849082942183,6
1.0735787796610168,10.361480530741888,0.9173169936901223,6
1.0678141182943603,10.3206180719259,0.9562341292867492,6
1.0715521923620934,10.394331626498698,0.8713556269684777,6
1.0795995561797753,10.313366852023941,0.9220892746003122,6
1.0672087033898305,10.35258721381752,0.8848535521469413,6
1.0741689617563739,10.322163674485502,0.8736530977981282,6
1.076551545076283,10.281848076304467,1.0398922855530528,6
1.0942590029239767,10.244482811240907,0.8567861410042802,6
1.0549067255747127,10.487782514623909,0.8579799244354018,6
1.0713294759999998,10.324783137476288,0.8950291614412911,6
1.0666416379310344,10.428485717661527,0.8748796118254255,6
1.0690519228571427,10.354311509075252,0.9081407998661577,6
1.078878885341074,10.266996891402826,0.9707724046178831,6
1.0784653562231759,10.287736938268978,0.9198536710871853,6
1.0798141305555555,10.313989971883773,0.8913788486993793,6
1.0845372335164836,10.256511008568449,0.8805103486412402,6
1.067415694323144,10.369976053193643,0.8531439492055397,6
1.0749657274031563,10.315566436427437,0.8312319522702152,6
1.0512351304347824,10.430032702087908,0.8481557970799257,6
1.081459643366619,10.255150391932753,0.9067261260307329,6
1.2486636061026353,8.18223715712017,2.2631889168631094,7
1.25365178962536,8.091340037867885,2.2810289871873737,7
1.2469709609826591,8.396524721214998,2.0097352585670616,7
1.240649111111111,8.431896004524265,1.999329845038252,7
1.2400550822873082,8.182434507367407,2.1325356601499235,7
1.2371187108938548,8.405226412871,1.9329904761369265,7
1.2070185472222221,8.6786970635721,1.9049599346020227,7
1.2405346588579795,8.229700777361193,2.1190626888099393,7
1.2515256604850213,8.136464133539464,2.142706138019339,7
1.2288226211699165,8.413088664659309,1.9787155786116557,7
1.2298380582386363,8.291264027478018,2.0749420301272483,7
1.2493438739255014,8.223331375424038,2.194687101595714,7
1.2348250432276657,8.497734267203509,1.953841756424668,7
1.2317391397694524,8.256594268342875,2.184538275599038,7
1.2106724485714286,8.4998910980303,1.9312356092392757,7
1.2290039308357348,8.382856031022488,2.005233352266176,7
1.2247105508720928,8.434998120125366,2.226135336833766,7
1.2363306008522725,8.346430661808485,1.9298538185253296,7
1.2357238704735378,8.371428197570351,1.9117500495211992,7
1.21973975648415,8.634177597327803,1.8356332157564543,7
1.2256362167630057,8.523522627139736,1.8805625191268134,7
1.2359770997109827,8.315353604034009,2.1144740919082436,7
1.24693390625,8.149655360214355,2.108722681978099,7
1.2444014207492795,8.419291992809752,1.913377754106164,7
1.244055745639535,8.146386390394122,2.1591502513307526,7
1.24291232382311,8.111326492332175,2.1903824038893265,7
1.2321438681948425,8.397454365617566,1.9398998852820823,7
1.2514341652046783,8.176163004878587,2.0855165134335802,7
1.225098648535565,8.568257756908652,1.844559859017378,7
1.2097364757142857,8.61407459399812,1.8589583458081664,7
1.2441104537815126,8.430809367434087,1.823602588591832,7
1.2302686277056276,8.41858545291408,1.8665513792972328,7
1.2294258251057828,8.242561957600465,2.177642317947906,7
1.2327658064066853,8.244972798862994,2.0047452787742,7
1.2180552405405405,8.48321138804686,1.852622094734083,7
1.205778977142857,8.475077484210132,1.884657593905291,7
1.210826187679083,8.50215375070556,1.973605960248059,7
1.2249124546783625,8.427449528811346,2.150164717888784,7
1.213358567832168,8.508905852829423,1.7977494388099078,7
1.2246297343532684,8.31659308972709,2.0909221040748798,7
1.2029085376044568,8.56215450829401,1.836102118727742,7
1.2441438133140377,8.052577497152972,2.1097247153853957,7
1.2193678471074378,8.495481487448474,1.8190575700880185,7
1.2135812982708936,8.305198701394973,1.9921076886056734,7
1.1873583485714285,8.629915874574362,1.819231577440255,7
1.2213009591836734,8.377588251995029,2.0893746508497273,7
1.2248131840228245,8.266568978690552,2.0483804826878256,7
1.225427816155989,8.21556225188179,2.0788592868656197,7
1.215687635460993,8.545135065965415,1.805946457758704,7
1.2149248583690988,8.303543834511185,2.003989033518469,7
1.2906593823529413,8.64997916794978,1.7400082795971408,8
1.2968886775568182,8.428815000798442,1.9418324991744844,8
1.2631445301369861,8.73030650970139,1.913922626647345,8
1.2700653994211286,8.650202170460801,1.7571138282224978,8
1.2872277357954547,8.73861276894928,1.7464873191082169,8
1.2909859671897288,8.715656421141537,1.7029891057696889,8
1.2804033627311522,8.714634570386307,1.7440972497643947,8
1.2832608349514565,8.475366411214413,2.0453977008198185,8
1.24402404011065,9.016398216161793,1.696465135614758,8
1.2967105784883721,8.528803400649597,1.779365896889198,8
1.2768238084507044,8.52574226821466,1.9547636652356104,8
1.2705768413597733,8.710584134193816,1.7608917353490523,8
1.2786749283625731,8.378418600118327,2.0254604589891265,8
1.280101829787234,8.600202949906317,1.9532765921633963,8
1.2816870854341738,8.660124286226218,1.7469984842398982,8
1.2921653275613274,8.45344136034545,1.8471223561883225,8
1.2834917874465048,8.625052996821932,1.8842753092255295,8
1.2757668532763533,8.469959823625889,1.9844705832458123,8
1.2727212963483148,8.64672452403668,1.8137653561210363,8
1.3069387815468114,8.3187345455197,1.91200497907292,8
1.2687063820549926,8.757545199316114,1.8293983060065842,8
1.2928293423680457,8.610847387344947,1.723611216073637,8
1.316707300283286,8.298248812484491,2.0288652370997604,8
1.293349901369863,8.653570650200436,1.7029085744761936,8
1.2439324133148404,8.757342291098974,1.8199766542028557,8
1.2808535238095238,8.588417843842405,1.9388620335237143,8
1.2752951771428571,8.39166567314759,1.9712683097753954,8
1.2606435732394368,8.618808531955963,2.033493004183873,8
1.263602075036075,8.69959285076322,1.8759547473540792,8
1.286929185852982,8.405521547596749,2.074818128746296,8
1.2834454811715483,8.506050695777333,1.8239410767795432,8
1.272617862716763,8.30156673007898,2.0517810985815,8
1.267360350069735,8.459543998742278,2.047962902218214,8
1.2789708994413407,8.486262734265026,2.0593123405478995,8
1.2687355187239944,8.567891082349247,1.8402348729409914,8
1.2691140749999998,8.483494409729797,1.881636969191257,8
1.2740638359941945,8.319264542413546,2.1044173812665483,8
1.2580902022792022,8.470682903771543,2.101533923184922,8
1.276309552742616,8.38734660644568,2.1286392584622598,8
1.2809903156384503,8.14123175151935,2.184152669934194,8
1.2662673058659217,8.482223138179917,1.8754030917673405,8
1.2471870558739255,8.638028589017086,1.8303895476040104,8
1.2427296984785614,8.589388495649027,1.9544521748749615,8
1.2431545912921347,8.685507903993926,1.8325239276830065,8
1.2730713095577746,8.25312551705428,2.212039476958652,8
1.250703578800558,8.711770444115805,1.8123605177288575,8
1.2801784109195402,8.233905621354383,2.0701129123756234,8
1.247420704264099,8.680391069171938,1.8167924557008233,8
1.231153897810219,8.699486930009382,1.8316011300451314,8
1.2576870443828017,8.637115376894483,1.800777005470148,8
1.1809190974930361,8.405992115746653,1.9522002631415942,9
1.1675221536312848,8.519456703286355,1.8076145336119058,9
1.1783975,8.448537301557426,2.0672214484375377,9
1.2211364086956522,8.103902640217692,2.0819993275945277,9
1.2032552391608393,8.220115423066359,2.1420728818139376,9
1.169067492877493,8.575901740102928,1.8131771001760753,9
1.195005255586592,8.35964380642488,1.837631768282963,9
1.1981925538057743,8.423611134418588,2.0180409229304037,9
1.1933642129277569,8.240350506488008,2.0216662353318524,9
1.1897837429963458,8.2659849525979,2.1213680821491647,9
1.1989012,8.443335866810413,1.8021363170867408,9
1.208551987775061,8.372471225215229,1.7912979847260155,9
1.211413144836272,7.999303567325289,2.024142738309283,9
1.2239541505507956,8.090510178928524,2.0446613187986533,9
1.196119384800965,8.48842764374618,1.835299252667339,9
1.1866249670329672,8.460903414874501,1.8010232188341038,9
1.1210148792682928,8.750999542172282,2.0167941488825645,9
1.100847192124105,8.786450489354602,1.7894631917769739,9
1.094902028950543,8.74027255957272,1.8590058859340994,9
1.095411409090909,8.69586758883315,1.8827132694486448,9
1.1303280938511326,8.482616558712976,2.043271576148018,9
1.1535642375886526,8.655089330859939,1.8007974407056786,9
1.127562757679181,8.480927463213499,1.8014305114457625,9
1.1358830855263158,8.557888097569055,1.7856496229724184,9
1.1567078461538463,8.428359638017119,2.0674235771777116,9
1.0980984555555555,8.680922359268093,1.8291673710943226,9
1.1137475569620252,8.518472533754133,1.7670477621006986,9
1.107766082142857,8.627049596490911,1.7866441855837167,9
1.1747812909698996,8.576306098587516,1.6727258128619313,9
1.1745918916666667,8.504249381245613,1.8042077392696823,9
1.0732374713114756,8.884992816559192,1.7936109379429899,9
1.096104846153846,8.57405298220369,1.8355826190868556,9
1.1654671003861006,8.313736973679159,2.08745220320558,9
1.1771915608308605,8.627356301967092,1.7689317054049418,9
1.0902366178861789,8.853953848339017,1.716948603785803,9
1.1219558577777777,8.617566903527024,1.796500232392837,9
1.1963772857142856,8.281411208224934,1.7446364649842634,9
1.0947608258928572,8.50670410254122,1.782017681937971,9
1.1438514086021507,8.404638330461056,1.8207609648663277,9
1.1774813262032087,8.228047857265414,1.8356425109247743,9
1.1783051656441716,8.451210651689527,1.7745851950608333,9
1.2057982015503876,8.03975466407111,2.03354772769371,9
1.0666764778761062,8.488644853967674,1.8632400316979119,9
1.1727715096153846,8.373548510717304,1.752999607224708,9
1.1796005121951219,8.423600455613165,1.7950909319404251,9
1.2285904393939395,8.035566787667241,2.125554824409091,9
1.176801387290168,8.410033286019779,1.8278673084678967,9
1.1347602505910166,8.643271937195301,1.829769813599374,9
1.1653865011682243,8.244851321956538,2.0321438624443267,9
1.1735490708283314,8.183819557142206,2.1247151787906304,9
1.1541575154394301,8.207730571434396,1.6136083341219913,10
1.1608206630824374,8.085014051893104,1.679991311234965,10
1.1418687974828376,8.321530993876417,1.6015034425921408,10
1.1359536328963051,8.318907646308782,1.5528339031759384,10
1.1519423258559622,8.183461247139967,1.6062115140810893,10
1.1401937833935016,8.357145826316884,1.6079114630405718,10
1.1616864574850299,8.097959355652515,1.6554417314347685,10
1.157206883971292,8.137037754185025,1.633145687520825,10
1.1605184539089846,8.118523268205335,1.658335352482449,10
1.152707063473054,8.167473053815804,1.6492209453440734,10
1.1396863842482101,8.427408544619865,1.5071266400132997,10
1.1490210770156437,8.184951251488162,1.6480000807248363,10
1.147852082725061,8.242725834286142,1.5916713928484194,10
1.1427219299516906,8.301524745474481,1.5884566793872397,10
1.145019274970623,8.287606470035126,1.5720151870142787,10
1.1524462668213458,8.18782874658134,1.6583052450691629,10
1.1617054415274464,8.079490861841183,1.6667105327728997,10
1.1480805252403845,8.26915987032908,1.6209418746819295,10
1.1575469891566266,8.118884730723394,1.6225228019517495,10
1.1428101008403362,8.222043692637577,1.5943785044904644,10
1.1440246593939394,8.359214390622023,1.5452298311126593,10
1.141820652071006,8.378588527429136,1.5312620464908953,10
1.1291955047393365,8.567364994171838,1.513645655406755,10
1.1352689812206573,8.413907311796345,1.580844729356201,10
1.144217044311377,8.292898107623285,1.5965497390476935,10
1.1313415228604924,8.353295543828823,1.569001339004039,10
1.1458305805687203,8.3294575296041,1.5803765631344096,10
1.1434077158273381,8.383617814091195,1.5572816712920583,10
1.140752713950762,8.32872248738981,1.5645269525862473,10
1.1498838831325302,8.213905211041455,1.6010389075983356,10
1.1315015314685315,8.39341193475604,1.6015916626635818,10
1.1552164576877235,8.174156984946068,1.6465934788928058,10
1.1372983481392556,8.289870804842993,1.5692241887287546,10
1.1382193446191053,8.38662981091153,1.5285186070769048,10
1.135579668997669,8.37984494657289,1.5714018339321758,10
1.132365008515815,8.481915132203904,1.5446678546851489,10
1.1269756930455637,8.462144458268545,1.5441370429011843,10
1.1399730047961631,8.455751753358054,1.5172628109332646,10
1.1414554004711426,8.393847424752007,1.5480978734866164,10
1.1346497724550897,8.396238495311605,1.5904096272635657,10
1.1259325974025973,8.613807992464382,1.5062006994608192,10
1.1392706277974087,8.40710095307372,1.527023644782386,10
1.1388915568862275,8.402440713499177,1.6078377416718987,10
1.1345882315151514,8.397738937141169,1.5455808993420128,10
1.1373737758215963,8.516718508257956,1.5013255787207374,10
1.1332253723404255,8.480819629480015,1.5167466515889274,10
1.130199770511296,8.618782962803255,1.433327326044807,10
1.1518313091334895,8.290023309101521,1.573587803987298,10
1.1474921780986764,8.373517341840357,1.6261632093528195,10
1.1283044073199526,8.474509374806876,1.601165868558765,10
1.196560314619883,8.8030995619734,2.0896498465481232,11
1.2085818427230046,8.75575502823841,2.0250489915861487,11
1.2138542011834321,8.457946831041616,2.2971641540760217,11
1.2192068817204302,8.707725146251411,2.015196310550045,11
1.1935232416267942,8.870620285190352,1.972961362457054,11
1.2039737299528301,8.413292991680928,2.3827175622621826,11
1.2043841866028708,8.853787515960505,1.9225604946073949,11
1.2079050745721271,8.661940076951637,1.9703765272001712,11
1.225115942555686,8.281253498907656,2.41624393621618,11
1.2214831605231868,8.264729191835894,2.24784842461074,11
1.2179685029585798,8.496011957999787,2.06829168865122,11
1.208560425730994,8.562103814393602,2.0779745687938185,11
1.2222789296600236,8.262009815175876,2.3666758316258756,11
1.2196897791116448,8.356610541255474,2.343037500663422,11
1.198711500582072,8.535565512177952,2.3544673780045358,11
1.2156048625146887,8.672016489934576,1.927001976559212,11
1.2097857911164465,8.640736281436736,1.971480165944369,11
1.2405911211401426,8.290114859142236,2.302894229034483,11
1.2190518499399758,8.376209280685146,2.3631649587066765,11
1.2417496980906921,8.145249495970573,2.35663943878723,11
1.2285476698679472,8.342214909325062,2.2346256479700424,11
1.2350078947368421,8.294849709643811,2.2538489889225146,11
1.2329431539393938,8.544747819547947,1.9544491492270686,11
1.2345530844233057,8.47758797534221,2.141455905971913,11
1.2288360369487483,8.403247175756194,2.316261570239631,11
1.2180404822695032,8.710624698680368,1.929416237739641,11
1.2317179999999999,8.679132004170398,1.8998161187822482,11
1.2341100528905289,8.384319776360522,2.3058528454694778,11
1.1985219735576922,8.897559301143893,1.8836143116697828,11
1.2100104750304506,8.741489323637134,1.9266792383245022,11
1.2314233713942309,8.216796079654415,2.3044199497184414,11
1.2286418150357994,8.613533771161203,1.921252702071999,11
1.2267628961038963,8.3997523173561,2.249001800636833,11
1.244534175563464,8.161001500538875,2.2478975960571157,11
1.2340567109756098,8.298195841849209,2.262187946206649,11
1.2200224769417476,8.647833321087306,1.8967768723526242,11
1.2295180810157196,8.526015673533708,2.114320930736019,11
1.2031736478873238,8.836880376091688,1.8800017482603364,11
1.2243864897218864,8.377829894228848,2.2794493048030677,11
1.2375651265060241,8.19433432838701,2.264479753739135,11
1.2318313365500604,8.368998789508227,2.2599569408222746,11
1.227453117433414,8.687474553796537,1.8537461550266803,11
1.2212454095808383,8.277845641665515,2.321482812687238,11
1.207721726176116,8.790449807367695,1.8786336778710444,11
1.2319105268292683,8.23001353129488,2.3098606121100937,11
1.226136023923445,8.620580929842856,1.8970273129487352,11
1.243040906810036,8.199098291119796,2.307141912151292,11
1.2285411602870815,8.27619060745481,2.3204084881539555,11
1.220010887039239,8.720021541954313,1.8970246682522414,11
1.2265532985436896,8.764979081888404,1.8396413884329734,11
1.2148744780023781,8.570220339538842,1.8065199378083308,12
1.2344665349112425,8.089200070086589,2.0325110355242466,12
1.2152779295942722,8.385440966788034,1.853934743983621,12
1.2256151617122473,8.471877056537307,1.7730392610314418,12
1.213105579710145,8.59043976072192,1.789761918204823,12
1.2183764911660777,8.231988973635797,2.186446405456964,12
1.2161419291716686,8.321207177019678,1.8467047757417678,12
1.2144084116945109,8.328435442510962,1.906839379736845,12
1.2244314875148632,7.7705103615426,2.3407497241188575,12
1.2210549242603552,7.665756536824463,2.2033647252455344,12
1.2176912494089835,7.897600050199689,2.255797493736418,12
1.2167217066508313,8.314287794702878,1.821176911851007,12
1.2170283884892086,8.481925231675675,1.768839475249085,12
1.2303842798594846,7.660381122203847,2.114446236560256,12
1.2206399172749391,7.926108511370873,2.2691152483053645,12
1.2187924733727813,7.809878512556064,2.235634877141315,12
1.2123546456599288,7.948156426576907,2.358180888647215,12
1.2010490382775119,8.034143942745304,1.9158569905098801,12
1.2228032514688603,7.725744311846329,2.107750320115007,12
1.213348390625,7.758794107855852,2.342093120019521,12
1.21223443817527,8.138402292934286,1.905841057840779,12
1.2022797551020408,8.346174609227347,1.8516973584448877,12
1.202449940546968,8.027443346271934,2.220555634709157,12
1.215311920673077,7.845457871847749,2.267174974229485,12
1.2016465589307412,8.498614190693958,1.7796599626496834,12
1.2009559326484018,8.504611745115929,1.7686099336351813,12
1.2073624649758454,8.520306900141378,1.7015958741608512,12
1.2054114420549582,8.174460662006648,1.8652669889876825,12
1.2031594383233533,8.1709399039695,1.9350027999628536,12
1.200377788598575,8.281347946581917,1.852228624490284,12
1.1949081758373206,8.358026133767135,1.821774786236314,12
1.1986330142180095,8.109310459582643,2.1226568296098103,12
1.1946450381406437,8.378231232815864,1.8270571129830602,12
1.1898780120481927,8.501297463556925,1.747903438930971,12
1.2007987449101796,7.889424734212083,2.4053389914880388,12
1.2114436742788461,7.924183468457979,1.925583041315614,12
1.1974001568862276,8.252314981747492,1.965630139617782,12
1.1813209853479854,8.441841384238442,1.7745119141808563,12
1.1973318142523364,8.324589375313993,1.7995844051858125,12
1.209559563569682,8.094584073755637,1.852087402576217,12
1.222303869822485,7.754564723176294,2.2423096052858886,12
1.2306654408759126,7.344745731594075,2.2719607174748857,12
1.2219128295128938,7.961366002618805,1.866500523686606,12
1.2310247377279102,7.812069578099725,1.9375133851119575,12
1.2227799956268222,7.409485111178722,2.3412890707258196,12
1.2325982931785195,7.1023524071941875,2.419229657234829,12
1.23022346011396,7.475533239866641,2.2412255545701214,12
1.2329827900146844,7.763203080250956,1.8640922647989586,12
1.2131218028169013,7.67636896139857,2.3352261558356875,12
1.2251519219440352,7.671065058945285,1.9088976842152088,12
1.2066299753623189,8.393031037336817,1.8889289578540145,13
1.14650303085554,8.887653501865252,1.7581674114691672,13
1.1349689385964912,8.819397605146081,1.8751405903980745,13
1.168249210982659,8.843961222220246,1.7518916359803933,13
1.1408289361702129,8.883424309846138,1.762158332145281,13
1.146086617266187,8.873402321283272,1.761772607061517,13
1.1543734537695591,8.681180923674429,1.8813359974395625,13
1.1702388718662953,8.658117765030976,1.9301540251938691,13
1.159196103293413,8.687064259752026,2.009486007834891,13
1.1344782326241136,8.885142560432797,1.7221836053029689,13
1.1289476301564723,8.838058649801424,1.8205766214970354,13
1.1387131793400287,8.738774036068667,1.8326124771778702,13
1.1363523897581793,8.883597167227519,1.803671350891551,13
1.161568798858773,8.635695547748739,1.9852389766562384,13
1.1467733795093795,8.579402562189852,1.9511420371290318,13
1.1315504798270892,8.932220001733652,1.7181964680610669,13
1.149983098240469,8.812909556797027,1.734338792244583,13
1.1755959857346647,8.586295448169738,1.9678751527741338,13
1.1863247448275862,8.575808143422305,1.7837416680609341,13
1.1369595512265513,8.781910178611685,1.9338951070268018,13
1.181612835694051,8.63992994383351,1.7928690323104954,13
1.1782116934097422,8.711618289672357,1.7238482102361452,13
1.1862508031609196,8.46954637989203,2.0609127357230923,13
1.1663479593613932,8.522723310317442,1.888403678281326,13
1.1562623059163057,8.691686975027926,1.7776362012107194,13
1.1673608351955307,8.61908313883611,2.0782398432030598,13
1.1586589506531204,8.757870535997535,1.7456710522262566,13
1.183068371830986,8.499234581236173,1.8691167539497555,13
1.1606694320457798,8.71064280272581,1.8574506812219258,13
1.1716313780313836,8.72280500789375,1.8360497768665158,13
1.169488335654596,8.837544689195648,1.8081199584979657,13
1.1780920207468881,8.48529528276716,2.119122977420185,13
1.1775066246334311,8.478201341086443,1.9706261880278142,13
1.1962617693409743,8.286089830244284,2.0332576474086457,13
1.1780058735795456,8.483551415829591,2.0648424972997104,13
1.1616627640603567,8.724691558764949,1.8371217962660449,13
1.1802764093567253,8.700870736559732,1.9643839531158704,13
1.1956181251778093,8.511148886506628,1.857975699514552,13
1.1467431521739129,8.757693514921101,1.7271430172420112,13
1.1811208444747612,8.48301824499216,1.8841874473339968,13
1.1467764803370786,8.829691740593397,1.7649048859257925,13
1.1629148861454046,8.771760148255867,1.726133238534171,13
1.1471719870317003,8.937851076380248,1.730285176373629,13
1.1599664294032024,8.634607083363209,2.034234609696089,13
1.168199853372434,8.500989578932389,2.0760024371839343,13
1.2028534382183909,8.424411815044841,1.92903129656488,13
1.1589853541963016,8.623973047559106,2.0925634277843996,13
1.1748384102167184,8.55165445167088,1.9741710138321535,13
1.1596466599131692,8.752909769644306,1.7672689282609253,13
1.179313402017291,8.493911880117919,2.011144373890658,13
1.2194850954478709,8.337105066209363,2.161339098253229,14
1.2147258731241475,8.287165965531889,2.263326580121146,14
1.2147595985815602,8.320809658604695,2.104706176266376,14
1.1823091158989598,8.53319517784689,1.8069030072000096,14
1.1896715489913545,8.53435004604546,1.832957274156614,14
1.2158478877840908,8.438167337249016,1.8588845515595436,14
1.1992607792022791,8.521663758604939,1.8042989632769766,14
1.2010510427960057,8.382708706817033,1.813997443148464,14
1.2100414971014493,8.178897666702742,2.004217589990553,14
1.2089332539007092,8.237114991788452,2.128439734882741,14
1.2054667542613637,8.39302329148182,1.8851635686579251,14
1.2129693175965663,8.186069907626505,1.9887653764778073,14
1.2004839398280802,8.226593523000128,2.087397787065221,14
1.2053724802259886,8.402532531294678,1.8215642011775903,14
1.19049613437058,8.30628553547907,2.082548872894137,14
1.2023809553956832,8.509566597251421,1.795986132245837,14
1.218162262784091,8.157168295371408,2.1026186771879787,14
1.1979229314685316,8.336398325940678,1.8447293682389232,14
1.2144098972503619,8.443107234537967,1.787024894362405,14
1.215571908827786,8.124948869461475,2.0611824454901284,14
1.1909312503703704,8.521265402104563,1.818694646460804,14
1.199004896935933,8.17153247872091,2.055285450688523,14
1.1969220028490029,8.348481201525503,2.036017940309379,14
1.2110834904831624,8.29928639390319,1.914076807232505,14
1.1993156770981508,8.499938262418052,1.793684253591968,14
1.2089053847283406,8.450043431412928,1.766168351133984,14
1.2168269328467152,8.459664664408981,1.7447329181514322,14
1.2171120591549296,8.140370429114087,2.027155527360036,14
1.2077194553440702,8.40960567124968,1.7706674382873655,14
1.219435911174785,8.411277211377657,1.7927406125411456,14
1.22639578477306,8.135784306721137,2.112104465721014,14
1.2164617667140825,8.235251654948847,2.0205689400863456,14
1.2223167190684134,8.247306213229741,2.0289283145704906,14
1.2115433231884059,8.173455758029137,2.016026999002806,14
1.1915995466284075,8.35840309499327,2.038099318522583,14
1.2226588648648649,8.184276613728466,2.0034830080516737,14
1.2166478252148998,8.50117073629061,1.6931148489277406,14
1.2310561420289854,8.299026397557162,2.0544523868992037,14
1.2199499340511442,8.355049927136115,2.0067153266529143,14
1.213167512230216,8.4379728228818,1.8265089948139033,14
1.23557305982906,8.304880326676662,2.046364674312555,14
1.2170708274853799,8.554546061366025,1.768033755997579,14
1.2149656163793103,8.517032436956429,1.7334104474373213,14
1.2237393642756682,8.43142987429144,1.7879690858984831,14
1.2322625608308606,8.40666313728214,1.7766722880648624,14
1.1967568049853374,8.595744422302953,1.8087126638761244,14
1.2053046273932253,8.513539436443688,1.8936730980983,14
1.224467748603352,8.412681573613096,1.77143957742225,14
1.2011827126917713,8.437632683172794,2.020394718810032,14
1.219976988372093,8.364225535812812,1.9119144124096064,14
1.2431215869565218,8.418623778923122,1.8706757287730984,15
1.2352641205357142,8.612624462189668,1.769644579360481,15
1.268855289017341,7.904446936772591,2.2838979825280825,15
1.233441,8.448652362643767,1.7840531011033909,15
1.2470827401459854,8.061256956387373,2.2738714888597054,15
1.230647847142857,8.5281301415132,2.0755061845891087,15
1.2439596924198248,8.262866615351692,2.1971718371754525,15
1.2453748849929875,8.41420227286483,1.7590438452224255,15
1.2534457333333333,7.897324693149275,2.187284912190691,15
1.2273861485714286,8.438078679324741,2.0535039216830313,15
1.2667207574468085,7.7824830094940936,2.1628099930179325,15
1.2567708626609442,7.7253481546158795,2.172193684438908,15
1.2441001076040172,8.216336666108477,2.198785041968045,15
1.2319086906474819,8.565739158404462,1.710593287801966,15
1.2328998832853026,8.101501048633079,2.251982376151944,15
1.2524329745042493,8.368218122072598,1.7983446986010865,15
1.2589716178977273,7.944269762543992,2.177656915093561,15
1.2431875982532752,8.053008917550184,2.1714309818597566,15
1.2408876728571427,8.556911805624251,1.7541024517933905,15
1.2424661440677967,8.027890346069542,2.2269673246219748,15
1.2423134564907274,7.955751920693136,2.128580989974231,15
1.2424343392592592,8.111096013305518,2.2100567694812896,15
1.2473714963924964,8.172726453041879,1.8027754036241483,15
1.2418923478893742,8.48250260276356,1.7269685362937492,15
1.2243765306704708,8.647420313419232,1.6778301524183448,15
1.2299456337817638,8.547782435473543,1.7589252631546048,15
1.2484916885714286,8.049756821499466,2.255320279729073,15
1.2168386794871795,8.69574186664752,1.681092339041953,15
1.2298612139800285,8.694948284784061,1.6998817802209334,15
1.2332300529411766,8.5539767496022,1.728708862107294,15
1.2265740182094083,8.572114301713478,1.7517142888650605,15
1.2415351145685996,8.108053845026078,2.1754308391464057,15
1.2438115885714285,8.39125010249176,1.9082159446797642,15
1.2272887843426883,8.15832484457703,2.1170029206748806,15
1.2291518529411765,8.607825746172315,1.681563084058599,15
1.2272024897959186,8.542354515626634,1.7087428868137087,15
1.2327668797736917,7.999124888912736,2.1767275943383266,15
1.205548558309038,8.600561221332228,1.6730897708694341,15
1.221933366032211,8.664896054636676,1.6895090797574932,15
1.2426899560906515,8.405695459353822,1.7729042228063419,15
1.2446280014513786,8.371442057627636,1.9778751659031957,15
1.2416927302052785,8.323546223207549,2.071502934480168,15
1.2193408748159056,8.61533815306178,1.6730647722258405,15
1.2575819859353023,8.053012196061811,2.2239645691233756,15
1.2411370614035087,8.213105249528361,2.1756042441364585,15
1.2264480625909753,8.592435728429743,1.707616313798424,15
1.2631278117816092,7.926155333268352,2.1894102209708963,15
1.2351048262773723,8.55513665036433,1.7099905797406718,15
1.2339777187499998,8.01672389606668,2.1271964264315755,15
1.232939017266187,8.645317735986064,1.6581298324480915,15
1.2334596276150627,7.8341044211567095,2.4571986784729924,16
1.2401962599431817,7.732591267113628,2.6199473894218204,16
1.1913463007194243,8.350160703227884,2.3741027832930035,16
1.1880186851851853,8.284773652164738,2.4501933849191078,16
1.1508478797653958,8.357702536645965,2.437695389690573,16
1.1622765312066574,8.284417606891893,2.4708567755938766,16
1.1357114417009604,8.45474511335452,2.324024495576364,16
1.1568256770098733,8.268866277669796,2.5191716758558793,16
1.129419544680851,8.46889940061761,2.441303834872037,16
1.1300290848153214,8.641497699666111,2.230894119509098,16
1.1404101237553341,8.256634921080671,2.539022190875158,16
1.132105015918958,8.455502425588982,2.3182892742957777,16
1.1349192551020408,8.286868254993031,2.4711410686401893,16
1.1245541248285322,8.389493818475396,2.494020947286245,16
1.1354406788732394,8.575739322751458,2.2366470340691627,16
1.1311366624113475,8.23062617420631,2.5676057706482247,16
1.1179835422535211,8.379762460323612,2.472462585216323,16
1.1304907485632183,8.300805117708482,2.5107968294583816,16
1.1378291102040816,8.192500532533082,2.5596101619079277,16
1.1269882338028168,8.407082024020326,2.4996246461857092,16
1.1127412978723403,8.536370986001325,2.3494344685512374,16
1.1275616533523538,8.598529176564277,2.2344675102115077,16
1.1098307322946175,8.537167553470386,2.340382891156657,16
1.12756189,8.401255953933827,2.469313252527926,16
1.0908950523415977,8.680482984081342,2.198255360656372,16
1.0883971729957806,8.424776894113243,2.429599514054737,16
1.0706681156069364,8.710794274946878,2.2006535599338246,16
1.0862484587412589,8.510851422765445,2.3960835697689435,16
1.1139802345323742,8.418672796379486,2.4222363402143285,16
1.1104507267683774,8.329484631584899,2.4781172299270615,16
1.095945284507042,8.322566052590206,2.480558470009068,16
1.0822444148044694,8.610569389958513,2.245337037390114,16
1.098101286123033,8.37676192777547,2.422587059338448,16
1.1042481621621623,8.618624118038186,2.2529395495423787,16
1.1025048293706292,8.528679148574435,2.3126868322429037,16
1.0893516885714287,8.512966663914938,2.3820337214080447,16
1.0782237340876943,8.69689417953279,2.200049435859121,16
1.0964431977559608,8.490847829132973,2.3422729633278503,16
1.0961092088068183,8.467651280967797,2.361494371596709,16
1.100226387190684,8.464548715260724,2.3847997358416686,16
1.082145879616963,8.608841686586034,2.2477555487985654,16
1.118726444598338,8.279953846979627,2.523810158645155,16
1.1056619985795455,8.371383150318469,2.4640240145089685,16
1.092210930594901,8.425778237332397,2.446734318207169,16
1.0897689019337018,8.483260436407447,2.3412177185130707,16
1.0973048338150289,8.647549924178987,2.219414712885442,16
1.092371747460087,8.68848136486768,2.237651350465091,16
1.09710921888412,8.480014285063662,2.4242494371160235,16
1.096572243971631,8.640452745992613,2.2374369833372527,16
1.1008578086330936,8.307491604087277,2.5217254550476595,16
1.2876789352517986,6.9607526084191,2.9718123831158154,17
1.275447281690141,7.188619466052176,2.8126396831838054,17
1.2462112034139403,7.230103083387034,2.7892899916145426,17
1.2333713526093089,7.229459725583473,2.7498951560492078,17
1.2294015908440628,7.303537691295238,2.7523106104109214,17
1.2360159645892352,7.412426246735913,2.6108535704668223,17
1.2066448045649072,7.63507943703898,2.52685743168395,17
1.2106275021398003,7.406465371238459,2.7307036547906436,17
1.1918994287769784,7.695182326550889,2.4949779639906233,17
1.2027683251798562,7.480234660602912,2.5990711772722177,17
1.2004760671532846,7.658837277745065,2.529592422271408,17
1.1876162720694645,7.483679809303216,2.59876119551331,17
1.1936131695906431,7.478657105627254,2.631486144345634,17
1.1765098034682082,7.61152066720559,2.5558823744956216,17
1.190747485021398,7.572741140843192,2.597921994135495,17
1.1710921944827586,7.54528958167463,2.6315937895451866,17
1.1791717130681818,7.611392574802874,2.5626148278339755,17
1.1758452408223201,7.510398135085332,2.648333043630096,17
1.1849971535211268,7.516608009847079,2.644547919073213,17
1.1916158522895126,7.454465217867252,2.6501331337031586,17
1.178072913489736,7.519980146878259,2.596860713733931,17
1.1775364090909093,7.678468217654382,2.519426782214388,17
1.1937449575671855,7.473378920267442,2.6058483553270695,17
1.171110723702665,7.6263429000030305,2.530702053944216,17
1.1745500311173975,7.480960575750937,2.616489946625082,17
1.1928904580369846,7.441434015270194,2.627485077272632,17
1.2711150082644629,6.906326348525763,3.0006156147691603,17
1.2451772641242937,7.14907142242306,2.82764115827578,17
1.2270565175315569,7.140385941237162,2.8469557376847616,17
1.2320134171511627,7.063592957876535,2.9039040024988196,17
1.239606586059744,7.012281131300834,2.9167149855601524,17
1.2230626700143472,7.043921206209144,2.890368657612699,17
1.1931180998573467,7.173464794376934,2.8412641082197827,17
1.2137556878612716,7.227835293973143,2.7637390424175172,17
1.1950620259740259,7.543651540448899,2.5575301164384867,17
1.219319352609309,7.089220416291314,2.881471792418236,17
1.1924877542613637,7.567660102709701,2.5855101967958705,17
1.1826189247910863,7.508652179197035,2.6404646664167926,17
1.2116062982708935,7.098938406415154,2.887753516998674,17
1.1926357365439093,7.375789033569547,2.7435518098242775,17
1.1879223501997336,7.558944949170901,2.5734523452694087,17
1.1855313333333335,7.381585671895968,2.7163860584021218,17
1.1798641627260082,7.533033605744567,2.62693258993577,17
1.18236824082232,7.423936961959917,2.608606606851142,17
1.182157676300578,7.4839061211623665,2.62495756475362,17
1.1922604497126437,7.496955408871679,2.5836694484762974,17
1.1995193620933522,7.220260540351956,2.8016386950699212,17
1.1768518216833095,7.38091020129648,2.6207249477690735,17
1.1983100083333333,7.315590545720042,2.6755352331221607,17
1.1620978539007092,7.534367702929585,2.5903086324846023,17
0.9843022869692533,9.0602680142737,1.8624189759129708,18
0.9591542606232295,9.016223743893583,1.8717427490427516,18
0.9572784675324676,8.98830257989718,1.8983753887224755,18
0.9590692696793003,8.890384982041462,1.9161714635544167,18
0.9541324138929089,8.980902430343722,1.8838137056003164,18
0.9441972810734464,8.936945445984465,1.9227927916349676,18
0.9258938939179633,9.057213758667926,1.8198152617494685,18
0.929358485835694,9.008550067767402,1.8626268727443072,18
0.9385302019914652,8.928209061905958,1.9194890021516497,18
0.931172331932773,9.029556468362404,1.9006445311322417,18
0.9271504781382228,9.036464488427903,1.9119182516364834,18
0.9340531692969871,8.94387655411602,1.886693438424446,18
0.9251701706970128,8.98508349237416,1.901756100023762,18
0.9268564602026049,8.957337907270249,1.8993602999503112,18
0.9245818151147099,9.078455920609787,1.8845834561318215,18
0.9191852387190684,9.003052427675103,1.8699716956504646,18
0.9248377397454031,9.002114495628538,1.8928339492677977,18
0.9092388112676055,9.074067447479106,1.89972852768062,18
0.9079276991525423,9.024066996962638,1.9178034676135451,18
0.896722345534407,9.146191023125022,1.884375520706203,18
0.9070304559228651,9.011706296101643,1.9383430059011941,18
0.9154029020467837,9.054925482113303,1.8987768367618318,18
0.9294573605150215,9.009359317709844,1.899632538343989,18
0.9365944466292134,9.265884456601812,1.9289831614711443,18
0.932712519005848,9.022849026595557,1.9569281943165406,18
0.9087917115666179,9.090509034891289,1.9579857521244173,18
0.8968079634641409,9.102758194084812,1.900207737811658,18
0.9330718321579689,9.038863938190852,1.921444536147169,18
0.9091557905982905,9.032772687601456,1.9523532022215095,18
0.906294318435754,9.052333210574899,1.8958623513162147,18
0.9032152757660167,9.096026632594933,1.8794449796946524,18
0.9059744949053856,9.039784167725715,1.8826653834726166,18
0.8888444630177514,9.096136895481244,1.8951387499182506,18
0.8778191520119225,9.041568497240336,1.8913651361258739,18
0.8767281253561254,9.123068051444047,1.8782275435525664,18
0.9104154617604617,8.927605196793117,1.9771109957095088,18
0.8860524555873925,9.045281350514914,1.8784767101570294,18
0.9188730100430416,8.973756628647624,1.9492646244058907,18
0.8944604509516838,9.086613868793377,1.8641284768220863,18
0.8786882727272727,9.09288110095386,1.8344459823146464,18
0.911611238975818,8.965436364584312,1.902617621354466,18
0.892325475841874,9.072134091575869,1.8451679892072885,18
0.8973463029871976,9.046899378569854,1.8966732227762884,18
0.8928712982708934,9.009125749828076,1.8870069466703947,18
0.8754114207492794,9.102750689415634,1.848976328665158,18
0.8973620925373135,9.058201873405354,1.863093259196052,18
0.8965765372492835,8.980817868371846,1.9267753481688248,18
0.895921,9.017761707229335,1.8804562771361657,18
0.8939870772532188,8.976750296914906,1.923965514362703,18
0.902079519203414,8.946033999662353,1.929016376766341,18
0.9031363766233766,9.093216851391475,1.8474554136052284,19
0.9441246513353115,9.18917387807432,1.8234955020992658,19
0.9115775093795093,9.290800489808834,1.832773138488556,19
0.8891712122093024,9.280296156132994,1.8036001037187,19
0.8743113594202899,9.329576062832269,1.829831577462377,19
0.9180734670846397,9.275649825367685,1.8339856601725995,19
0.9211016493506493,9.27753453456117,1.841379260797101,19
0.9333386579310344,9.292707516970024,1.8273105520732507,19
0.8805035950069349,9.335632522116528,1.857493342366276,19
0.9176616400580552,9.196383127724944,1.8346619411173337,19
0.9236746330014224,9.259732128386064,1.8351402136384036,19
0.92101565129683,9.376990138427269,1.83688642493374,19
0.9180059489247311,9.290092470179474,1.8358063449868207,19
0.9256040074294205,9.298207159350865,1.88771592594465,19
0.888131127536232,9.262689579252804,1.86451467305494,19
0.9106817925608013,9.160694511072903,1.7808787081576745,19
0.9415751088534107,9.188858141344394,1.7899171477462132,19
0.9221734152046782,9.230185314891768,1.8408200465087943,19
0.9200965627705626,9.262843734953336,1.8177217973872715,19
0.8838761368124118,9.239392385286699,1.8320668665434598,19
0.9410648477366255,9.253678453376475,1.7906991423482586,19
0.9221245413105412,9.34079237485255,1.7756878447879005,19
0.9563220098039215,9.185195565606143,1.7780879085667078,19
0.8871406902777779,9.225306818662132,1.8160303781814229,19
0.9285780498575499,9.281083150052309,1.824502371514315,19
0.9425534287709498,9.22694121943448,1.8114339740097498,19
0.9394005586987271,9.275260214957367,1.8023920061974978,19
0.9166721953232462,9.204576749043094,1.8275912739714795,19
0.8844512184750734,9.142484837572715,1.8665611875534938,19
0.8915115279770446,9.222939882567694,1.8341862769438668,19
0.8963158335644938,9.204857211970362,1.8568193709309884,19
0.9376679467625899,9.297143459272437,1.7934054563252366,19
0.940859043115438,9.107566289111752,1.8367805604442886,19
0.9244155858585859,9.205359398756086,1.7978869072768315,19
0.9153204404432133,9.089047556037459,1.8649734953361028,19
0.9268858522727274,9.20363341469662,1.8604666508220722,19
0.9036536860622463,9.24500035294005,1.8306003375958901,19
0.9099122000000001,9.209387970114925,1.8188201026189132,19
0.9238217105643994,9.076331513612264,1.809756647070699,19
0.8945916239554317,9.224315337047196,1.8340367283642773,19
0.9519686955266955,9.176454115002022,1.8104317641048844,19
0.9173680297450424,9.248370335709515,1.8478821605456694,19
0.9387288296398891,9.16337668324074,1.8183454756385138,19
0.8900004251748252,9.148702355244405,1.8914435856029654,19
0.8907482013986013,9.246625534610352,1.8245705932789589,19
0.9088488221288515,9.200471129123686,1.7901810126784272,19
0.9299820173160173,9.277281987612744,1.8095809987647014,19
0.9307563398328691,9.201245648531726,1.8109196475715386,19
0.8945834518950437,9.230349116661076,1.810750459167504,19
0.947040558739255,9.120865584061427,1.8344178998375376,19
1.195581890410959,9.028812597281636,1.7981741533816384,20
1.2436017347826085,8.987910429679724,1.7769734701790605,20
1.205071235042735,9.173390810097672,1.7488837947397355,20
1.1689098321273517,9.031225984367103,1.8267515956279958,20
1.1930649051603905,9.091494717805427,1.939141482287339,20
1.2148209076479077,9.037167253710258,1.7628706297249817,20
1.2366322188841201,8.805708410964499,1.8768180371229057,20
1.12140453539823,9.195545449306497,1.805355584877866,20
1.114017792792793,9.249838850441197,1.803647780573722,20
1.0842520466101695,9.379517684548624,1.787272133710674,20
1.1090298008658008,9.284916348209922,1.7795337891004872,20
1.1410516205882353,9.194060533673499,1.7997376106007743,20
1.1377781340057638,9.201467866112068,1.7991700595946796,20
1.1392266729927008,9.236871724710728,1.782353778508149,20
1.1438752389127325,9.151172661390474,1.7963831882302859,20
1.1233528162393163,9.201471091280323,1.8462832938419622,20
1.0989329916550765,9.281351801572724,1.8076919437412438,20
1.1515007663817665,9.207174152898727,1.8288218392111593,20
1.1464822065527065,9.146776961844212,1.8356802155275227,20
1.1396644340974214,9.120588378904776,1.8425159695400717,20
1.1284891147308782,9.18814709542543,1.8444885369385124,20
1.1277328242677824,9.177751107324656,1.8203313900591318,20
1.1574927031019202,9.174938727454952,1.8250911344017045,20
1.146815788051209,9.247641106879044,1.7964607962202632,20
1.1733455704125177,9.171424152490502,1.8064400740804512,20
1.1186648396094838,9.243079646342402,1.8419276645346447,20
1.1344626235955055,9.199444187842952,1.8134033421311775,20
1.059495113960114,9.329315311199668,1.8045869311036387,20
1.1364003205673758,9.20497915532514,1.835222315503352,20
1.158480458755427,9.127882889758814,1.8436543255428526,20
1.1199996992907801,9.279997193528487,1.7843695599398526,20
1.1589237316017318,8.958480318910562,1.9113504866216668,20
1.1738256599131693,9.154427399779282,1.7939268026376258,20
1.163129381088825,9.077600812507956,1.8471292749837995,20
1.1187004744318183,9.32744778178763,1.771828489153615,20
1.1267036229050278,9.290891075705572,1.7998837823770075,20
1.112779093979442,9.340144100351015,1.7948390307956494,20
1.1252496964539007,9.201736269248077,1.8418050450519612,20
1.118490604815864,9.246497449496294,1.8076003391739957,20
1.128524365079365,9.245442150935768,1.7907572755236287,20
1.1482607843704775,9.217439545756164,1.8078603453991666,20
1.1650831468428782,9.107934961127663,1.8270988484244395,20
1.1400783185714285,9.155349047895792,1.8299156922281998,20
1.173004274509804,9.147741073873677,1.8158497043033819,20
1.1439915607613471,9.236489505174607,1.8226647534217049,20
1.1535252294372296,9.13985472497121,1.8862242214847957,20
1.163976348201439,9.2116840894025,1.8336521181413532,20
1.1756571692524682,9.018201277277955,1.859948260958861,20
1.179246253200569,8.976578247746197,1.9157517085087514,20
1.1702922380261247,9.159156743867792,1.8349336917413732,20
